date	k	generation_time	prevalence	prevalence_Upper	prevalence_Lower
2022-01-06	0.05	2	143.56998503338062	1072.6426329397925	28.423147007913627
2022-01-07	0.05	2	152.79147418151675	1036.0807767625597	30.66003462908618
2022-01-08	0.05	2	162.1179659135055	1001.3337350935738	32.91369194389803
2022-01-09	0.05	2	171.65668000432814	968.6337352203199	35.207564080189094
2022-01-10	0.05	2	181.69594153037994	939.0277904445506	37.60304960145253
2022-01-11	0.05	2	191.7249517790915	909.3752340929423	39.99638872457291
2022-01-12	0.05	2	201.76401786684792	879.7760830204544	42.39180336509499
2022-01-13	0.05	2	211.8203616975426	850.2475161352613	44.79086670090334
2022-01-14	0.05	2	253.52020917527906	887.488662971508	70.97710460719298
2022-01-15	0.05	2	295.1893149939851	924.633516456853	97.15322476477792
2022-01-16	0.05	2	336.9199041307521	961.9709566440011	123.34958041977231
2022-01-17	0.05	2	378.62004028681326	999.2128653287114	149.53593233952623
2022-01-18	0.05	2	420.2942470699997	1036.3907355546892	175.71145737274472
2022-01-19	0.05	2	462.0524649891579	1073.7711292002766	201.92272360466507
2022-01-20	0.05	2	504.60394165008904	1112.886603802839	228.49511880951874
2022-01-21	0.05	2	999.8890286200161	1847.4994283647852	571.8266353172346
2022-01-22	0.05	2	1478.082304539532	2543.151560671383	907.8397378435518
2022-01-23	0.05	2	1956.137952140555	3238.2358394463236	1243.8784895861245
2022-01-24	0.05	2	2429.454908896568	3925.534100736882	1576.8845029131328
2022-01-25	0.05	2	2905.5921181201957	4617.500953736231	1911.6839117348
2022-01-26	0.05	2	3377.142373357053	5302.266013006105	2243.4362291921916
2022-01-27	0.05	2	3857.8635272983124	6001.429797332021	2581.2807761540384
2022-01-28	0.05	2	4186.810634470233	6559.763570850824	2755.9836919448207
2022-01-29	0.05	2	4515.757741642153	7118.097344369628	2930.6866077356026
2022-01-30	0.05	2	4848.109375006219	7681.825587029199	3107.5717782353063
2022-01-31	0.05	2	5172.751052035691	8233.330946433047	3279.521266717796
2022-02-01	0.05	2	5484.994217064853	8764.966295676464	3443.742189174615
2022-02-02	0.05	2	5727.145067688792	9184.015456853556	3564.520028345582
2022-02-03	0.05	2	6049.044525988738	9730.489809513436	3735.3798352712356
2022-02-04	0.05	2	5895.843569949859	9267.835587229123	3748.590791908215
2022-02-05	0.05	2	5771.014761390741	8850.856893738212	3779.3039896065493
2022-02-06	0.05	2	5646.6678142696755	8434.636467121429	3810.3231490717408
2022-02-07	0.05	2	5527.288862008725	8025.630446337193	3844.7976253722945
2022-02-08	0.05	2	5397.995248669447	7602.228325077318	3872.375435636025
2022-02-09	0.05	2	5273.658965869334	7186.024254055263	3903.4015789181663
2022-02-10	0.05	2	5152.7808040620075	6774.366578497861	3937.069958458969
2022-02-11	0.05	2	6700.308282822542	9496.91458617744	4809.168335640192
2022-02-12	0.05	2	8251.533386653899	12224.365383368098	5684.073220349494
2022-02-13	0.05	2	9824.06718433882	14984.339468596505	6573.225790153461
2022-02-14	0.05	2	11384.987580491426	17727.599873817504	7454.156924186022
2022-02-15	0.05	2	12971.177723769191	20511.133031495596	8351.215788299747
2022-02-16	0.05	2	14528.121780557853	23249.03718207613	9229.166715960062
2022-02-17	0.05	2	16185.438732637042	26149.039096928358	10170.216286540135
2022-02-18	0.05	2	18985.74860923448	31959.20974425367	11253.423735708226
2022-02-19	0.05	2	21762.409982302524	37735.225194784885	12319.640822461532
2022-02-20	0.05	2	24509.188402308417	43460.93974342954	13368.144407403071
2022-02-21	0.05	2	27255.948470342002	49186.62247042355	14416.637603343239
2022-02-22	0.05	2	30002.708538375595	54912.305197417554	15465.13079928341
2022-02-23	0.05	2	32670.05281717941	60490.94389978332	16473.579300197056
2022-02-24	0.05	2	35502.75134256883	66375.86541731314	17565.34434701401
2022-02-25	0.05	2	69927.80455118191	172417.54825767476	27687.79514913057
2022-02-26	0.05	2	104725.52008993458	279738.775156453	37898.00710186685
2022-02-27	0.05	2	139041.35821046974	385874.03340134735	47917.0603122482
2022-02-28	0.05	2	173351.95765285066	491995.3062474993	57934.216433975016
2022-03-01	0.05	2	207666.21031200362	598127.1052224794	67952.56729660167
2022-03-02	0.05	2	244940.56499002868	712874.197866784	78924.68453713109
2022-03-03	0.05	2	251874.86320609177	714367.6426849753	83338.611840828
2022-03-04	0.05	2	256267.3665119311	708441.2223519743	86936.11573987722
2022-03-05	0.05	2	260591.98087321216	702310.6898469885	90512.50587789298
2022-03-06	0.05	2	264759.20366671507	695755.5416217549	94034.27941601057
2022-03-07	0.05	2	269001.98795197596	689404.0349605682	97582.29817151446
2022-03-08	0.05	2	273263.617140395	683099.6354182701	101137.29171459125
2022-03-09	0.05	2	280761.67747356906	684685.5242803082	105913.4528066341
2022-03-10	0.05	2	277742.1628048384	679947.0555484677	105530.05650072066
2022-03-11	0.05	2	275430.6784431587	676960.4616094069	105421.01507209388
2022-03-12	0.05	2	269396.3380729141	664812.8869046799	103883.9278377104
2022-03-13	0.05	2	266850.6806294003	661261.4538070668	103688.3418305676
2022-03-14	0.05	2	263222.4905675896	655038.5603611562	103075.31235999259
2022-03-15	0.05	2	258042.14172411078	644936.2869245282	101849.64335200586
2022-03-16	0.05	2	258626.8039834935	649272.3391272649	102907.94689239246
2022-03-17	0.05	2	258849.88262365537	666085.4576315419	105301.37590489803
2022-03-18	0.05	2	257432.34097390427	678780.1241196021	107042.03683110466
2022-03-19	0.05	2	252105.71455812774	680916.9365626328	107121.73389182011
2022-03-20	0.05	2	256023.283602353	708114.3864737356	111142.52538517788
2022-03-21	0.05	2	254357.13969471728	720199.5448153024	112786.33711640164
2022-03-22	0.05	2	262485.95883696707	760637.0777193493	118861.09609027744
2022-03-23	0.05	2	261047.3644261383	773990.5014768154	120694.28533429213
2022-03-24	0.05	2	252372.1251378637	732466.4036597466	116390.14840120258
2022-03-25	0.05	2	243696.8858495892	690942.3058426777	112086.01146811305
2022-03-26	0.05	2	235141.93282966348	649750.5863149457	107837.03830258774
2022-03-27	0.05	2	223333.74536776342	599803.0631699265	102100.45292631947
2022-03-28	0.05	2	225731.5858357904	587342.8357581602	102846.02393271704
2022-03-29	0.05	2	208995.9286964911	524845.9145744025	94869.46373575497
2022-03-30	0.05	2	202285.86534794088	488063.27610554826	91453.78621108526
2022-03-31	0.05	2	188258.94432616886	456617.625575858	85071.00930164276
2022-04-01	0.05	2	172482.98099548364	420951.99003699725	77897.48736847672
2022-04-02	0.05	2	156792.68022377763	385496.96800835384	70762.626089764
2022-04-03	0.05	2	146845.75493593604	364293.8645382172	66217.57636511978
2022-04-04	0.05	2	125415.59604190565	314608.5676728811	56494.26775126203
2022-04-05	0.05	2	111142.63798743303	282776.28483345365	49996.70183726369
2022-04-06	0.05	2	94763.68674763457	245631.94109912377	42550.97776502629
2022-04-07	0.05	2	83813.27759105826	217629.41283665423	37578.83108931423
2022-04-08	0.05	2	72862.86843448195	189626.8845741847	32606.68441360217
2022-04-09	0.05	2	61912.45927790564	161624.35631171518	27634.5377378901
2022-04-10	0.05	2	50962.05012132934	133621.82804924564	22662.391062178034
2022-04-11	0.05	2	41190.07001891391	108730.0157821163	18211.260207301268
2022-04-12	0.05	2	28765.082705754714	76825.81615904398	12588.493664840906
2022-04-13	0.05	2	18226.971062319895	49932.429553800066	7795.627403671706
2022-01-06	0.05	3	95.7133233555871	715.0950886265284	18.94876467194242
2022-01-07	0.05	3	101.86098278767783	690.7205178417065	20.440023086057458
2022-01-08	0.05	3	108.078643942337	667.5558233957158	21.942461295932024
2022-01-09	0.05	3	114.43778666955211	645.7558234802134	23.471709386792732
2022-01-10	0.05	3	121.13062768691998	626.0185269630339	25.068699734301692
2022-01-11	0.05	3	127.81663451939434	606.2501560619615	26.664259149715274
2022-01-12	0.05	3	134.50934524456528	586.517388680303	28.261202243396664
2022-01-13	0.05	3	141.21357446502842	566.8316774235076	29.860577800602226
2022-01-14	0.05	3	169.0134727835194	591.659108647672	47.31806973812866
2022-01-15	0.05	3	196.79287666265674	616.4223443045688	64.76881650985194
2022-01-16	0.05	3	224.61326942050144	641.3139710960008	82.23305361318154
2022-01-17	0.05	3	252.41336019120885	666.141910219141	99.69062155968416
2022-01-18	0.05	3	280.1961647133332	690.9271570364596	117.14097158182982
2022-01-19	0.05	3	308.0349766594386	715.8474194668511	134.61514906977672
2022-01-20	0.05	3	336.4026277667261	741.924402535226	152.33007920634583
2022-01-21	0.05	3	666.5926857466775	1231.6662855765237	381.2177568781564
2022-01-22	0.05	3	985.3882030263547	1695.4343737809222	605.2264918957013
2022-01-23	0.05	3	1304.0919680937036	2158.8238929642157	829.2523263907498
2022-01-24	0.05	3	1619.6366059310458	2617.022733824588	1051.2563352754219
2022-01-25	0.05	3	1937.0614120801306	3078.3339691574874	1274.4559411565335
2022-01-26	0.05	3	2251.4282489047023	3534.844008670737	1495.6241527947948
2022-01-27	0.05	3	2571.909018198875	4000.9531982213475	1720.853850769359
2022-01-28	0.05	3	2791.2070896468226	4373.1757139005495	1837.3224612965473
2022-01-29	0.05	3	3010.505161094769	4745.398229579752	1953.7910718237354
2022-01-30	0.05	3	3232.072916670813	5121.217058019466	2071.7145188235377
2022-01-31	0.05	3	3448.5007013571276	5488.887297622032	2186.3475111451976
2022-02-01	0.05	3	3656.662811376569	5843.310863784311	2295.82812611641
2022-02-02	0.05	3	3818.0967117925284	6122.6769712357045	2376.3466855637216
2022-02-03	0.05	3	4032.696350659159	6486.99320634229	2490.2532235141575
2022-02-04	0.05	3	3930.5623799665727	6178.55705815275	2499.0605279388105
2022-02-05	0.05	3	3847.3431742604944	5900.5712624921425	2519.5359930710333
2022-02-06	0.05	3	3764.4452095131173	5623.090978080953	2540.215432714494
2022-02-07	0.05	3	3684.8592413391507	5350.420297558128	2563.198416914863
2022-02-08	0.05	3	3598.6634991129654	5068.152216718213	2581.5836237573503
2022-02-09	0.05	3	3515.7726439128896	4790.682836036843	2602.267719278778
2022-02-10	0.05	3	3435.1872027080053	4516.244385665241	2624.7133056393127
2022-02-11	0.05	3	4466.872188548362	6331.27639078496	3206.112223760128
2022-02-12	0.05	3	5501.022257769266	8149.576922245399	3789.382146899663
2022-02-13	0.05	3	6549.378122892548	9989.559645731006	4382.1505267689745
2022-02-14	0.05	3	7589.991720327618	11818.399915878337	4969.437949457349
2022-02-15	0.05	3	8647.451815846129	13674.088687663732	5567.477192199832
2022-02-16	0.05	3	9685.414520371904	15499.358121384086	6152.777810640041
2022-02-17	0.05	3	10790.292488424697	17432.692731285573	6780.144191026757
2022-02-18	0.05	3	12657.165739489654	21306.13982950245	7502.282490472151
2022-02-19	0.05	3	14508.273321535018	25156.81679652326	8213.093881641022
2022-02-20	0.05	3	16339.458934872278	28973.95982895303	8912.09627160205
2022-02-21	0.05	3	18170.63231356134	32791.08164694904	9611.09173556216
2022-02-22	0.05	3	20001.8056922504	36608.20346494504	10310.087199522273
2022-02-23	0.05	3	21780.03521145294	40327.295933188885	10982.386200131372
2022-02-24	0.05	3	23668.50089504589	44250.57694487542	11710.229564676007
2022-02-25	0.05	3	46618.53636745462	114945.0321717832	18458.53009942038
2022-02-26	0.05	3	69817.01339328973	186492.51677096868	25265.338067911238
2022-02-27	0.05	3	92694.23880697983	257249.35560089824	31944.706874832136
2022-02-28	0.05	3	115567.97176856712	327996.8708316662	38622.81095598335
2022-03-01	0.05	3	138444.1402080024	398751.403481653	45301.711531067784
2022-03-02	0.05	3	163293.70999335247	475249.46524452267	52616.4563580874
2022-03-03	0.05	3	167916.57547072787	476245.0951233169	55559.074560552006
2022-03-04	0.05	3	170844.9110079541	472294.14823464956	57957.41049325148
2022-03-05	0.05	3	173727.98724880812	468207.1265646591	60341.67058526199
2022-03-06	0.05	3	176506.13577781006	463837.0277478366	62689.51961067372
2022-03-07	0.05	3	179334.65863465064	459602.6899737122	65054.86544767631
2022-03-08	0.05	3	182175.74476026333	455399.7569455135	67424.86114306084
2022-03-09	0.05	3	187174.45164904607	456457.0161868722	70608.96853775607
2022-03-10	0.05	3	185161.44186989227	453298.03703231184	70353.37100048045
2022-03-11	0.05	3	183620.45229543914	451306.9744062713	70280.67671472926
2022-03-12	0.05	3	179597.55871527607	443208.59126978664	69255.95189180695
2022-03-13	0.05	3	177900.45375293354	440840.96920471126	69125.56122037841
2022-03-14	0.05	3	175481.66037839308	436692.3735741042	68716.87490666173
2022-03-15	0.05	3	172028.09448274053	429957.52461635217	67899.76223467059
2022-03-16	0.05	3	172417.86932232903	432848.2260848433	68605.29792826164
2022-03-17	0.05	3	172566.58841577027	444056.97175436135	70200.91726993202
2022-03-18	0.05	3	171621.56064926952	452520.0827464015	71361.35788740312
2022-03-19	0.05	3	168070.47637208516	453944.62437508855	71414.48926121341
2022-03-20	0.05	3	170682.18906823534	472076.25764915714	74095.01692345194
2022-03-21	0.05	3	169571.42646314486	480133.0298768683	75190.89141093443
2022-03-22	0.05	3	174990.63922464472	507091.3851462329	79240.73072685163
2022-03-23	0.05	3	174031.5762840922	515993.66765121033	80462.85688952809
2022-03-24	0.05	3	168248.08342524248	488310.93577316444	77593.4322674684
2022-03-25	0.05	3	162464.5905663928	460628.20389511855	74724.00764540871
2022-03-26	0.05	3	156761.288553109	433167.0575432972	71891.35886839184
2022-03-27	0.05	3	148889.16357850895	399868.70877995103	68066.96861754633
2022-03-28	0.05	3	150487.72389052695	391561.89050544024	68564.0159551447
2022-03-29	0.05	3	139330.61913099408	349897.27638293506	63246.309157169984
2022-03-30	0.05	3	134857.24356529393	325375.5174036989	60969.19080739018
2022-03-31	0.05	3	125505.9628841126	304411.75038390537	56714.00620109517
2022-04-01	0.05	3	114988.6539969891	280634.66002466483	51931.65824565115
2022-04-02	0.05	3	104528.45348251844	256997.9786722359	47175.08405984267
2022-04-03	0.05	3	97897.1699572907	242862.5763588115	44145.05091007986
2022-04-04	0.05	3	83610.39736127044	209739.04511525412	37662.84516750802
2022-04-05	0.05	3	74095.09199162203	188517.52322230247	33331.13455817579
2022-04-06	0.05	3	63175.791165089715	163754.62739941585	28367.318510017532
2022-04-07	0.05	3	55875.518394038845	145086.27522443616	25052.554059542825
2022-04-08	0.05	3	48575.24562298797	126417.92304945647	21737.789609068113
2022-04-09	0.05	3	41274.9728519371	107749.57087447679	18423.025158593402
2022-04-10	0.05	3	33974.70008088623	89081.2186994971	15108.260708118692
2022-04-11	0.05	3	27460.04667927594	72486.67718807753	12140.840138200847
2022-04-12	0.05	3	19176.721803836477	51217.210772695995	8392.329109893939
2022-04-13	0.05	3	12151.314041546599	33288.28636920005	5197.084935781138
2022-01-06	0.1	2	76.511399902635	571.6333356334216	15.147280030072004
2022-01-07	0.1	2	80.97510752246575	549.0931529375682	16.24894068227473
2022-01-08	0.1	2	85.54381772614909	528.367784749962	17.367371028116757
2022-01-09	0.1	2	90.32475028866638	509.6894583580877	18.526016195437993
2022-01-10	0.1	2	95.60623028641282	494.10518706369805	19.786274747731603
2022-01-11	0.1	2	100.87745900681898	478.47430419346904	21.044386901882156
2022-01-12	0.1	2	106.15874356627002	462.89682660236065	22.304574573434405
2022-01-13	0.1	2	111.45730586865935	447.3899331985473	23.568410940272926
2022-01-14	0.1	2	133.3992599742756	466.98577309119224	37.347291801775434
2022-01-15	0.1	2	155.31047242086143	486.4853196329358	51.116054914573205
2022-01-16	0.1	2	177.28316818550817	506.17745287648216	64.90505352478044
2022-01-17	0.1	2	199.22541096944914	525.7740546175907	78.6840483997472
2022-01-18	0.1	2	221.14172438051537	545.306617899967	92.45221638817854
2022-01-19	0.1	2	243.1420489275533	565.0417046019526	106.25612557531176
2022-01-20	0.1	2	265.93563221636424	586.5118722609135	120.42116373537823
2022-01-21	0.1	2	544.7307964258778	1006.5015278730074	311.52614896053836
2022-01-22	0.1	2	806.4341495849802	1387.5304912297527	495.3127202042999
2022-01-23	0.1	2	1067.9998744255895	1767.9916010548402	679.1249406643169
2022-01-24	0.1	2	1324.826908421189	2140.6666933955466	859.9044227087693
2022-01-25	0.1	2	1584.4741948844026	2518.0103774450436	1042.4773002478807
2022-01-26	0.1	2	1839.5345273608464	2888.1522677650646	1222.003086422717
2022-01-27	0.1	2	2103.7657585416923	3272.692883141127	1407.6211021020074
2022-01-28	0.1	2	2283.1468215427108	3577.162822591996	1502.8898977857748
2022-01-29	0.1	2	2462.527884543729	3881.6327620428647	1598.158693469542
2022-01-30	0.1	2	2645.3134737368937	4191.4971706344995	1695.6097438622307
2022-01-31	0.1	2	2820.3891065954635	4489.138695970413	1788.1251122377053
2022-02-01	0.1	2	2983.066227453724	4766.910211145895	1872.9119145875084
2022-02-02	0.1	2	3075.6510339067613	4932.095538255051	1914.2556336514604
2022-02-03	0.1	2	3247.984448035805	5224.706056846995	2005.6813204700998
2022-02-04	0.1	2	3152.639323382724	4955.718815856039	2004.4552738940347
2022-02-05	0.1	2	3085.6663462094057	4732.4071036584855	2020.7314683793252
2022-02-06	0.1	2	3019.1752304741394	4509.853658335057	2037.3136246314712
2022-02-07	0.1	2	2957.6521095989883	4294.514618844177	2057.351097718981
2022-02-08	0.1	2	2886.214327645509	4064.779478877659	2070.4919047696667
2022-02-09	0.1	2	2819.7338762311942	3842.2423891489602	2087.081044838764
2022-02-10	0.1	2	2756.7115458096664	3624.2516948849134	2106.3124211665217
2022-02-11	0.1	2	3582.544218699232	5077.843437952673	2571.38291110709
2022-02-12	0.1	2	4412.074516659618	6536.337970531513	3039.2599085757374
2022-02-13	0.1	2	5262.913508473572	8027.3557911481	3521.3845911390504
2022-02-14	0.1	2	6102.139098755207	9501.659931757282	3995.287837930957
2022-02-15	0.1	2	6966.634436162001	11016.236824823554	4485.318814804026
2022-02-16	0.1	2	7801.883687079695	12485.184710792268	4956.241855223686
2022-02-17	0.1	2	8737.505833287916	14116.230361032676	5490.263538563105
2022-02-18	0.1	2	10280.344438421684	17305.174049912683	6093.469080187895
2022-02-19	0.1	2	11799.534540026063	20459.962541998597	6679.684259397903
2022-02-20	0.1	2	13288.84168856829	23564.450132197948	7248.185936796142
2022-02-21	0.1	2	14778.130485138214	26668.905900746646	7816.677225193011
2022-02-22	0.1	2	16267.419281708137	29773.36166929535	8385.16851358988
2022-02-23	0.1	2	17677.292289048288	32730.773413215815	8913.615106960226
2022-02-24	0.1	2	19252.51954297404	35994.467972300314	9525.378246233879
2022-02-25	0.1	2	38237.00205020646	94279.0952545192	15139.87585736535
2022-02-26	0.1	2	57594.14688757843	153843.26659515468	20842.134619116536
2022-02-27	0.1	2	76469.41430673291	212221.46928190623	26353.23463851279
2022-02-28	0.1	2	95339.44304773318	270585.68656991544	31862.43756925453
2022-03-01	0.1	2	114213.12500550541	328960.4299867528	37372.83524089608
2022-03-02	0.1	2	136046.9089821498	395950.4670729145	43836.999290440406
2022-03-03	0.1	2	141116.66490118927	400235.17220351996	46691.705598464716
2022-03-04	0.1	2	143644.62591000495	397100.012182933	48729.98850184132
2022-03-05	0.1	2	146104.69797426238	393760.73999036144	50747.15764418448
2022-03-06	0.1	2	148407.3784707417	389996.8520775419	52709.71018662946
2022-03-07	0.1	2	150785.62045897896	386436.60572876944	54698.507946460755
2022-03-08	0.1	2	153182.70735037434	382923.4664988855	56694.28049386494
2022-03-09	0.1	2	158816.2253865248	387300.6156733376	59911.220590235185
2022-03-10	0.1	2	157369.20100283864	385259.2050674096	59793.51678402616
2022-03-11	0.1	2	156630.2069262035	384969.6692542614	59950.167855103806
2022-03-12	0.1	2	152168.3568410034	375519.15267544705	58678.773120424725
2022-03-13	0.1	2	151195.18968253408	374664.7777037466	58748.87961298635
2022-03-14	0.1	2	149139.489905768	371138.9423837486	58401.54264211575
2022-03-15	0.1	2	145531.63134733366	363733.72707303317	57441.56613383345
2022-03-16	0.1	2	147688.78389176092	370766.83740168245	58765.56217392446
2022-03-17	0.1	2	148516.9578781145	382171.2602362523	60417.412019896525
2022-03-18	0.1	2	147704.51157455513	389457.23105460516	61416.49377956968
2022-03-19	0.1	2	142982.9805049703	386185.34782792843	60754.611673751664
2022-03-20	0.1	2	147505.6448953873	407974.10206932406	64033.82400057596
2022-03-21	0.1	2	146444.59633394328	414650.56474118354	64936.0565652662
2022-03-22	0.1	2	155178.51082238473	449679.40197552316	70269.23637260852
2022-03-23	0.1	2	154345.01175774765	457624.130063282	71360.84645008972
2022-03-24	0.1	2	149215.75135363097	433072.8867289761	68816.0129981028
2022-03-25	0.1	2	144086.4909495143	408521.6433946702	66271.17954611588
2022-03-26	0.1	2	139077.51681374645	384302.77834970114	63781.50986169313
2022-03-27	0.1	2	130815.30823600423	351328.10968744487	59804.22796652747
2022-03-28	0.1	2	136759.1275881891	355840.7367584415	62309.102454027634
2022-03-29	0.1	2	123569.4493330476	310316.6700574466	56091.845738168166
2022-03-30	0.1	2	120405.36486865528	290506.88607135526	54435.47169460105
2022-03-31	0.1	2	112709.43783165677	273374.08093351877	50931.47456275723
2022-04-01	0.1	2	103264.46848574505	252021.2907865118	46636.73240718988
2022-04-02	0.1	2	93905.16169881259	230879.1141497222	42380.65090607585
2022-04-03	0.1	2	90289.23039574451	223988.85607143937	40714.38095903031
2022-04-04	0.1	2	75190.06548648766	188616.40459795707	33869.85212277125
2022-04-05	0.1	2	67248.10141678854	171096.9671503833	30251.06598637159
2022-04-06	0.1	2	57200.144161763594	148265.4688079072	25684.12169173289
2022-04-07	0.1	2	50590.38673374652	131362.9114203634	22682.892883470395
2022-04-08	0.1	2	43980.62930572944	114460.35403281962	19681.664075207897
2022-04-09	0.1	2	37370.871877712365	97557.79664527584	16680.435266945402
2022-04-10	0.1	2	30761.11444969529	80655.23925773204	13679.206458682904
2022-04-11	0.1	2	25329.7860758391	66863.39786552843	11198.993471255708
2022-04-12	0.1	2	17245.450491239135	46059.169117381854	7547.1447962449165
2022-04-13	0.1	2	11047.990576363549	30265.753387063673	4725.196402525285
2022-01-06	0.1	3	51.007599935090006	381.08889042228105	10.09818668671467
2022-01-07	0.1	3	53.983405014977166	366.0621019583789	10.832627121516488
2022-01-08	0.1	3	57.02921181743273	352.245189833308	11.57824735207784
2022-01-09	0.1	3	60.21650019244426	339.79297223872516	12.35067746362533
2022-01-10	0.1	3	63.73748685760855	329.4034580424654	13.19084983182107
2022-01-11	0.1	3	67.25163933787933	318.98286946231275	14.02959126792144
2022-01-12	0.1	3	70.77249571084668	308.5978844015738	14.869716382289605
2022-01-13	0.1	3	74.30487057910624	298.2599554656982	15.712273960181953
2022-01-14	0.1	3	88.93283998285041	311.32384872746155	24.89819453451696
2022-01-15	0.1	3	103.54031494724096	324.3235464219572	34.07736994304881
2022-01-16	0.1	3	118.1887787903388	337.45163525098815	43.27003568318697
2022-01-17	0.1	3	132.81694064629946	350.51603641172716	52.45603226649814
2022-01-18	0.1	3	147.42781625367692	363.5377452666447	61.63481092545236
2022-01-19	0.1	3	162.09469928503555	376.6944697346351	70.83741705020785
2022-01-20	0.1	3	177.2904214775762	391.00791484060903	80.2807758235855
2022-01-21	0.1	3	363.15386428391855	671.0010185820049	207.6840993070256
2022-01-22	0.1	3	537.6227663899869	925.0203274865019	330.20848013619997
2022-01-23	0.1	3	711.9999162837264	1178.6610673698935	452.74996044287803
2022-01-24	0.1	3	883.2179389474594	1427.1111289303647	573.2696151391796
2022-01-25	0.1	3	1056.3161299229353	1678.6735849633624	694.9848668319205
2022-01-26	0.1	3	1226.3563515738977	1925.43484517671	814.6687242818115
2022-01-27	0.1	3	1402.5105056944617	2181.795255427418	938.4140680680051
2022-01-28	0.1	3	1522.0978810284741	2384.7752150613305	1001.92659852385
2022-01-29	0.1	3	1641.6852563624864	2587.7551746952436	1065.4391289796947
2022-01-30	0.1	3	1763.542315824596	2794.331447089667	1130.406495908154
2022-01-31	0.1	3	1880.259404396976	2992.759130646942	1192.0834081584703
2022-02-01	0.1	3	1988.7108183024827	3177.9401407639302	1248.607943058339
2022-02-02	0.1	3	2050.434022604508	3288.0636921700343	1276.170422434307
2022-02-03	0.1	3	2165.3229653572034	3483.1373712313302	1337.1208803134
2022-02-04	0.1	3	2101.759548921816	3303.8125439040264	1336.3035159293565
2022-02-05	0.1	3	2057.1108974729373	3154.938069105657	1347.1543122528835
2022-02-06	0.1	3	2012.7834869827598	3006.5691055567054	1358.2090830876475
2022-02-07	0.1	3	1971.7680730659924	2863.009745896118	1371.5673984793204
2022-02-08	0.1	3	1924.142885097006	2709.8529859184396	1380.3279365131114
2022-02-09	0.1	3	1879.8225841541296	2561.494926099307	1391.3873632258428
2022-02-10	0.1	3	1837.8076972064446	2416.1677965899426	1404.2082807776812
2022-02-11	0.1	3	2388.3628124661545	3385.228958635116	1714.2552740713934
2022-02-12	0.1	3	2941.3830111064126	4357.558647021009	2026.1732723838252
2022-02-13	0.1	3	3508.6090056490484	5351.570527432067	2347.5897274260337
2022-02-14	0.1	3	4068.092732503472	6334.439954504855	2663.5252252873047
2022-02-15	0.1	3	4644.422957441335	7344.157883215704	2990.212543202684
2022-02-16	0.1	3	5201.255791386464	8323.456473861512	3304.1612368157907
2022-02-17	0.1	3	5825.003888858611	9410.820240688452	3660.1756923754033
2022-02-18	0.1	3	6853.56295894779	11536.78269994179	4062.3127201252637
2022-02-19	0.1	3	7866.356360017376	13639.975027999068	4453.122839598603
2022-02-20	0.1	3	8859.22779237886	15709.6334214653	4832.123957864095
2022-02-21	0.1	3	9852.086990092143	17779.270600497766	5211.118150128675
2022-02-22	0.1	3	10844.946187805426	19848.907779530236	5590.112342393255
2022-02-23	0.1	3	11784.861526032193	21820.515608810543	5942.410071306817
2022-02-24	0.1	3	12835.013028649362	23996.31198153355	6350.25216415592
2022-02-25	0.1	3	25491.33470013764	62852.730169679475	10093.250571576902
2022-02-26	0.1	3	38396.097925052294	102562.17773010313	13894.75641274436
2022-02-27	0.1	3	50979.60953782195	141480.97952127084	17568.823092341863
2022-02-28	0.1	3	63559.62869848879	180390.45771327696	21241.625046169687
2022-03-01	0.1	3	76142.08333700361	219306.95332450187	24915.223493930724
2022-03-02	0.1	3	90697.93932143321	263966.9780486097	29224.666193626937
2022-03-03	0.1	3	94077.77660079286	266823.44813568	31127.803732309814
2022-03-04	0.1	3	95763.08394000331	264733.3414552887	32486.659001227552
2022-03-05	0.1	3	97403.1319828416	262507.1599935743	33831.43842945633
2022-03-06	0.1	3	98938.25231382782	259997.90138502794	35139.80679108631
2022-03-07	0.1	3	100523.74697265265	257624.40381917963	36465.67196430717
2022-03-08	0.1	3	102121.80490024958	255282.31099925702	37796.186995909964
2022-03-09	0.1	3	105877.48359101654	258200.41044889175	39940.81372682346
2022-03-10	0.1	3	104912.80066855911	256839.47004493975	39862.34452268411
2022-03-11	0.1	3	104420.13795080235	256646.44616950766	39966.778570069204
2022-03-12	0.1	3	101445.5712273356	250346.10178363137	39119.18208028316
2022-03-13	0.1	3	100796.7931216894	249776.5184691644	39165.9197419909
2022-03-14	0.1	3	99426.32660384533	247425.96158916573	38934.36176141051
2022-03-15	0.1	3	97021.08756488912	242489.15138202213	38294.37742255563
2022-03-16	0.1	3	98459.18926117396	247177.89160112166	39177.04144928298
2022-03-17	0.1	3	99011.30525207634	254780.84015750155	40278.27467993102
2022-03-18	0.1	3	98469.67438303676	259638.1540364035	40944.32918637979
2022-03-19	0.1	3	95321.98700331354	257456.89855195233	40503.07444916778
2022-03-20	0.1	3	98337.09659692486	271982.7347128827	42689.216000383974
2022-03-21	0.1	3	97629.73088929552	276433.7098274557	43290.704376844136
2022-03-22	0.1	3	103452.3405482565	299786.26798368216	46846.15758173902
2022-03-23	0.1	3	102896.67450516511	305082.75337552134	47573.89763339316
2022-03-24	0.1	3	99477.16756908732	288715.2578193174	45877.3419987352
2022-03-25	0.1	3	96057.66063300954	272347.7622631135	44180.786364077256
2022-03-26	0.1	3	92718.34454249765	256201.8522331341	42521.00657446209
2022-03-27	0.1	3	87210.2054906695	234218.73979162992	39869.48531101832
2022-03-28	0.1	3	91172.7517254594	237227.157838961	41539.401636018425
2022-03-29	0.1	3	82379.6328886984	206877.78003829776	37394.563825445446
2022-03-30	0.1	3	80270.2432457702	193671.25738090355	36290.31446306737
2022-03-31	0.1	3	75139.62522110452	182249.38728901252	33954.31637517149
2022-04-01	0.1	3	68842.9789904967	168014.19385767455	31091.15493812659
2022-04-02	0.1	3	62603.44113254173	153919.40943314816	28253.767270717235
2022-04-03	0.1	3	60192.82026382968	149325.90404762627	27142.920639353546
2022-04-04	0.1	3	50126.71032432511	125744.26973197138	22579.901415180833
2022-04-05	0.1	3	44832.06761119237	114064.64476692223	20167.377324247725
2022-04-06	0.1	3	38133.42944117573	98843.64587193815	17122.747794488594
2022-04-07	0.1	3	33726.924489164354	87575.27428024229	15121.928588980263
2022-04-08	0.1	3	29320.41953715296	76306.90268854643	13121.109383471932
2022-04-09	0.1	3	24913.914585141578	65038.531096850566	11120.290177963601
2022-04-10	0.1	3	20507.409633130195	53770.1595051547	9119.47097245527
2022-04-11	0.1	3	16886.5240505594	44575.59857701896	7465.995647503805
2022-04-12	0.1	3	11496.966994159424	30706.11274492124	5031.429864163279
2022-04-13	0.1	3	7365.3270509090335	20177.168924709116	3150.1309350168567
2022-01-06	0.15	2	54.158538192386466	404.63023653129807	10.72199103745813
2022-01-07	0.15	2	57.0363186361154	386.76394499590447	11.445242700004245
2022-01-08	0.15	2	60.01910166369695	370.712467968758	12.185264056189666
2022-01-09	0.15	2	63.214107050112474	356.7080327373436	12.965500233854295
2022-01-10	0.15	2	66.90965987175711	345.7976526034137	13.847349796491292
2022-01-11	0.15	2	70.5949614160615	334.8406608936446	14.727052960985239
2022-01-12	0.15	2	74.29031879941073	323.9370744629961	15.608831642880881
2022-01-13	0.15	2	78.00295392569826	313.10407221964255	16.494259020062792
2022-01-14	0.15	2	93.35894357394112	326.818143131087	26.137354199969582
2022-01-15	0.15	2	108.68419156315352	340.43592069163	35.77033163117164
2022-01-16	0.15	2	124.07092287042687	354.2462849539758	45.42354455978315
2022-01-17	0.15	2	139.42720119699445	367.9611177138838	55.0667537531542
2022-01-18	0.15	2	154.75755015068728	381.6119120150597	64.69913605998983
2022-01-19	0.15	2	170.17191024035176	395.4652297358446	74.3672595655273
2022-01-20	0.15	2	186.37952907178934	411.05362841360505	84.3965120439981
2022-01-21	0.15	2	393.01138569449836	726.1688943757482	224.759320174973
2022-01-22	0.15	2	582.5514312667963	1002.3234680825428	357.80371432454933
2022-01-23	0.15	2	771.9538485206008	1277.9101882576792	490.87375769038107
2022-01-24	0.15	2	956.6175749293963	1545.7108909484352	620.9110626406483
2022-01-25	0.15	2	1144.101553805805	1818.1801853479806	752.7417630855742
2022-01-26	0.15	2	1326.9985786954444	2083.447686018051	881.5253721662253
2022-01-27	0.15	2	1519.0665022894855	2363.1139117441626	1016.4012107513305
2022-01-28	0.15	2	1648.5922172335368	2582.962573172386	1085.191966399426
2022-01-29	0.15	2	1778.117932177588	2802.8112346006096	1153.9827220475217
2022-01-30	0.15	2	1911.0481733137854	3028.0543651696007	1224.9557324045388
2022-01-31	0.15	2	2036.268458115388	3241.074612482869	1290.9930607443418
2022-02-01	0.15	2	2149.0902309166813	3434.224849635706	1349.3018230584732
2022-02-02	0.15	2	2191.8196893127506	3514.7888987222154	1364.1675020867535
2022-02-03	0.15	2	2314.2977553848277	3722.778139291515	1429.1151488697215
2022-02-04	0.15	2	2238.237907860346	3518.346558731678	1423.0767678893076
2022-02-05	0.15	2	2190.550207815627	3359.5905069652426	1434.54062797025
2022-02-06	0.15	2	2143.344369208961	3201.592722072934	1446.3104498180483
2022-02-07	0.15	2	2101.106525462409	3050.8093430131707	1461.5355885012093
2022-02-08	0.15	2	2048.9540206375295	2885.629863477773	1469.8640611475473
2022-02-09	0.15	2	2001.7588463518143	2727.6484341801925	1481.6408668122967
2022-02-10	0.15	2	1958.0217930588863	2574.213400347265	1496.0599087357061
2022-02-11	0.15	2	2543.2895306581286	3604.8197218777523	1825.4544362627228
2022-02-12	0.15	2	3132.2548933281914	4640.328832919319	2157.6554713178184
2022-02-13	0.15	2	3742.5289498518227	5708.361231998633	2504.10419146758
2022-02-14	0.15	2	4341.189604843134	6759.6799510705405	2842.331475845934
2022-02-15	0.15	2	4965.120006959606	7851.271422599541	3196.686490305453
2022-02-16	0.15	2	5559.804322586976	8897.23388703098	3531.9335683115596
2022-02-17	0.15	2	6254.861533504873	10105.294115734116	3930.2792892374277
2022-02-18	0.15	2	7378.543048150753	12420.495485132353	4373.484195014452
2022-02-19	0.15	2	8478.576059267241	14701.541657736501	4799.698738376692
2022-02-20	0.15	2	9548.726117321581	16932.286928454083	5208.199779927166
2022-02-21	0.15	2	10618.857823403616	19163.000377521013	5616.690432476269
2022-02-22	0.15	2	11688.989529485652	21393.71382658795	6025.181085025372
2022-02-23	0.15	2	12679.705446337912	23477.38325102664	6393.627042547949
2022-02-24	0.15	2	13835.775609775777	25867.335490629375	6845.389545973835
2022-02-25	0.15	2	27673.40121654797	68232.94425346733	10957.23609344361
2022-02-26	0.15	2	41883.68915345972	111878.09707472191	15156.843791533103
2022-02-27	0.15	2	55612.099672153956	154337.28124209252	19165.292747267653
2022-02-28	0.15	2	69335.27151269402	196782.48001072078	23171.844614347694
2022-03-01	0.15	2	83062.09657000602	239238.20490817723	27179.59122232756
2022-03-02	0.15	2	99749.02364619018	290309.2234749579	32141.10420821018
2022-03-03	0.15	2	104197.26546622178	295524.34870970156	34476.070184343625
2022-03-04	0.15	2	106103.71237602958	293319.60879325256	35994.61275582935
2022-03-05	0.15	2	107942.27034127917	290910.7567048191	37492.041566281645
2022-03-06	0.15	2	109623.43673875058	288077.2888961375	38934.85377683576
2022-03-07	0.15	2	111380.16462797995	285447.46265150304	40403.911204776174
2022-03-08	0.15	2	113155.73742036747	282864.7435257572	41879.9434202895
2022-03-09	0.15	2	118167.74135751005	288172.31280434737	44577.14318476887
2022-03-10	0.15	2	117244.88040217206	287029.9215737236	44548.003545127984
2022-03-11	0.15	2	117030.04975388509	287639.40513587964	44793.21878277377
2022-03-12	0.15	2	113092.36309703319	279087.90793236945	43610.388214662846
2022-03-13	0.15	2	112643.35936691206	279132.55233597325	43769.0588737926
2022-03-14	0.15	2	111111.8230184941	276505.7363912794	43510.28606949015
2022-03-15	0.15	2	108028.127888408	269999.54045586823	42638.87372777598
2022-03-16	0.15	2	110709.4438611834	277931.6701598217	44051.43393443513
2022-03-17	0.15	2	111739.31629626757	287533.1944378224	45456.090724896036
2022-03-18	0.15	2	111128.56844143874	293016.26669960615	46207.979429058025
2022-03-19	0.15	2	106608.7358205845	287941.4849163604	45298.904267728845
2022-03-20	0.15	2	111333.09865973202	307927.34060118685	48330.92353904197
2022-03-21	0.15	2	110473.74854701858	312800.9047164772	48985.96304822105
2022-03-22	0.15	2	119409.36148419065	346026.8433942478	54071.949800052214
2022-03-23	0.15	2	118777.56086828413	352168.67292543757	54916.36682202227
2022-03-24	0.15	2	114830.2934255534	333275.0477520526	52957.9678637362
2022-03-25	0.15	2	110883.02598282268	314381.4225786677	50999.56890545014
2022-03-26	0.15	2	107056.04480844075	295820.17569461954	49096.33371472826
2022-03-27	0.15	2	99975.8291920845	268503.12519328424	45705.48631326347
2022-03-28	0.15	2	107101.64150565534	278673.3704252019	48796.79529446451
2022-03-29	0.15	2	95093.95621189979	238806.92188512802	43165.973072305904
2022-03-30	0.15	2	93111.8647088934	224654.75605995764	42096.03352243964
2022-03-31	0.15	2	87526.26900015274	212292.89938607236	39551.62964979538
2022-04-01	0.15	2	80191.63098249886	195711.05770301662	36216.4807534276
2022-04-02	0.15	2	72942.65552382424	179339.82953017837	32919.992511513134
2022-04-03	0.15	2	71437.055549014	177220.51991584673	32213.315823667155
2022-04-04	0.15	2	58448.22196801499	146619.01690631566	26328.380246607652
2022-04-05	0.15	2	52616.58922657371	133870.52792269317	23669.187369407555
2022-04-06	0.15	2	44678.9632998066	115809.97804416837	20061.836333968422
2022-04-07	0.15	2	39516.089781309274	102607.41094826648	17717.580148189114
2022-04-08	0.15	2	34353.21626281194	89404.8438523646	15373.323962409808
2022-04-09	0.15	2	29190.342744314607	76202.27675646273	13029.067776630503
2022-04-10	0.15	2	24027.46922581728	62999.709660560846	10684.811590851195
2022-04-11	0.15	2	20043.024761480832	52907.85855999914	8861.571225907188
2022-04-12	0.15	2	13405.573086400605	35803.620103494475	5866.695173379586
2022-04-13	0.15	2	8654.997081044767	23710.194664818206	3701.7194021431446
2022-01-06	0.15	3	36.105692128257644	269.7534910208654	7.147994024972088
2022-01-07	0.15	3	38.02421242407694	257.8426299972697	7.630161800002831
2022-01-08	0.15	3	40.01273444246464	247.14164531250535	8.123509370793112
2022-01-09	0.15	3	42.14273803340832	237.8053551582291	8.64366682256953
2022-01-10	0.15	3	44.60643991450475	230.53176840227584	9.231566530994195
2022-01-11	0.15	3	47.06330761070766	223.22710726242977	9.818035307323493
2022-01-12	0.15	3	49.52687919960716	215.95804964199746	10.405887761920589
2022-01-13	0.15	3	52.00196928379884	208.7360481464284	10.996172680041862
2022-01-14	0.15	3	62.23929571596076	217.87876208739135	17.424902799979723
2022-01-15	0.15	3	72.45612770876902	226.95728046108667	23.84688775411443
2022-01-16	0.15	3	82.7139485802846	236.16418996931725	30.28236303985544
2022-01-17	0.15	3	92.95146746466297	245.3074118092559	36.71116916876947
2022-01-18	0.15	3	103.17170010045821	254.40794134337318	43.132757373326555
2022-01-19	0.15	3	113.44794016023452	263.64348649056313	49.57817304368488
2022-01-20	0.15	3	124.2530193811929	274.03575227573674	56.264341362665405
2022-01-21	0.15	3	262.00759046299896	484.1125962504988	149.83954678331534
2022-01-22	0.15	3	388.3676208445309	668.215645388362	238.5358095496996
2022-01-23	0.15	3	514.6358990137339	851.9401255051196	327.24917179358744
2022-01-24	0.15	3	637.7450499529309	1030.4739272989568	413.94070842709885
2022-01-25	0.15	3	762.7343692038702	1212.1201235653205	501.8278420570495
2022-01-26	0.15	3	884.6657191302963	1388.9651240120343	587.6835814441503
2022-01-27	0.15	3	1012.7110015263237	1575.4092744961083	677.6008071675537
2022-01-28	0.15	3	1099.0614781556912	1721.9750487815909	723.4613109329508
2022-01-29	0.15	3	1185.4119547850587	1868.5408230670735	769.3218146983479
2022-01-30	0.15	3	1274.0321155425238	2018.7029101130674	816.6371549363594
2022-01-31	0.15	3	1357.5123054102587	2160.7164083219127	860.662040496228
2022-02-01	0.15	3	1432.726820611121	2289.483233090471	899.534548705649
2022-02-02	0.15	3	1461.2131262085004	2343.192599148144	909.4450013911691
2022-02-03	0.15	3	1542.865170256552	2481.85209286101	952.7434325798143
2022-02-04	0.15	3	1492.1586052402308	2345.5643724877855	948.7178452595385
2022-02-05	0.15	3	1460.366805210418	2239.7270046434955	956.3604186468334
2022-02-06	0.15	3	1428.8962461393073	2134.395148048623	964.2069665453656
2022-02-07	0.15	3	1400.737683641606	2033.8728953421141	974.3570590008063
2022-02-08	0.15	3	1365.9693470916866	1923.7532423185155	979.909374098365
2022-02-09	0.15	3	1334.5058975678764	1818.4322894534619	987.7605778748647
2022-02-10	0.15	3	1305.3478620392577	1716.142266898177	997.3732724904709
2022-02-11	0.15	3	1695.5263537720857	2403.213147918502	1216.9696241751487
2022-02-12	0.15	3	2088.169928885461	3093.552555279546	1438.436980878546
2022-02-13	0.15	3	2495.0192999012156	3805.574154665756	1669.4027943117203
2022-02-14	0.15	3	2894.1264032287563	4506.453300713694	1894.8876505639562
2022-02-15	0.15	3	3310.080004639738	5234.180948399695	2131.1243268703024
2022-02-16	0.15	3	3706.5362150579845	5931.489258020653	2354.622378874373
2022-02-17	0.15	3	4169.907689003248	6736.862743822744	2620.186192824952
2022-02-18	0.15	3	4919.028698767169	8280.33032342157	2915.6561300096346
2022-02-19	0.15	3	5652.384039511496	9801.027771824334	3199.799158917795
2022-02-20	0.15	3	6365.817411547722	11288.191285636056	3472.133186618111
2022-02-21	0.15	3	7079.238548935745	12775.33358501401	3744.460288317513
2022-02-22	0.15	3	7792.659686323768	14262.47588439197	4016.787390016915
2022-02-23	0.15	3	8453.136964225276	15651.588834017763	4262.4180283652995
2022-02-24	0.15	3	9223.850406517186	17244.890327086254	4563.593030649224
2022-02-25	0.15	3	18448.934144365314	45488.62950231156	7304.82406229574
2022-02-26	0.15	3	27922.459435639816	74585.39804981461	10104.562527688737
2022-02-27	0.15	3	37074.73311476931	102891.52082806168	12776.86183151177
2022-02-28	0.15	3	46223.51434179601	131188.3200071472	15447.89640956513
2022-03-01	0.15	3	55374.73104667069	159492.1366054515	18119.72748155171
2022-03-02	0.15	3	66499.34909746013	193539.4823166386	21427.402805473455
2022-03-03	0.15	3	69464.84364414787	197016.23247313438	22984.04678956242
2022-03-04	0.15	3	70735.8082506864	195546.40586216838	23996.408503886236
2022-03-05	0.15	3	71961.51356085279	193940.50446987944	24994.6943775211
2022-03-06	0.15	3	73082.29115916706	192051.52593075833	25956.569184557175
2022-03-07	0.15	3	74253.44308531997	190298.3084343354	26935.94080318412
2022-03-08	0.15	3	75437.15828024498	188576.49568383815	27919.962280193005
2022-03-09	0.15	3	78778.49423834005	192114.87520289826	29718.095456512587
2022-03-10	0.15	3	78163.25360144804	191353.28104914908	29698.669030085326
2022-03-11	0.15	3	78020.03316925674	191759.60342391976	29862.145855182516
2022-03-12	0.15	3	75394.90873135546	186058.60528824633	29073.592143108566
2022-03-13	0.15	3	75095.57291127472	186088.3682239822	29179.372582528405
2022-03-14	0.15	3	74074.54867899609	184337.15759418628	29006.8573796601
2022-03-15	0.15	3	72018.75192560533	179999.69363724548	28425.915818517322
2022-03-16	0.15	3	73806.29590745561	185287.7801065478	29367.62262295676
2022-03-17	0.15	3	74492.87753084506	191688.7962918816	30304.060483264027
2022-03-18	0.15	3	74085.7122942925	195344.17779973746	30805.31961937202
2022-03-19	0.15	3	71072.49054705634	191960.98994424028	30199.269511819235
2022-03-20	0.15	3	74222.06577315468	205284.89373412458	32220.61569269465
2022-03-21	0.15	3	73649.1656980124	208533.9364776515	32657.30869881404
2022-03-22	0.15	3	79606.24098946044	230684.56226283193	36047.96653336815
2022-03-23	0.15	3	79185.0405788561	234779.11528362508	36610.91121468152
2022-03-24	0.15	3	76553.52895036894	222183.36516803512	35305.31190915747
2022-03-25	0.15	3	73922.0173218818	209587.61505244515	33999.71260363343
2022-03-26	0.15	3	71370.69653896052	197213.45046307973	32730.889143152173
2022-03-27	0.15	3	66650.552794723	179002.08346218953	30470.324208842314
2022-03-28	0.15	3	71401.09433710357	185782.2469501346	32531.196862976343
2022-03-29	0.15	3	63395.9708079332	159204.61459008537	28777.31538153727
2022-03-30	0.15	3	62074.5764725956	149769.8373733051	28064.022348293096
2022-03-31	0.15	3	58350.84600010183	141528.5995907149	26367.75309986359
2022-04-01	0.15	3	53461.08732166591	130474.03846867775	24144.320502285067
2022-04-02	0.15	3	48628.43701588283	119559.88635345225	21946.66167434209
2022-04-03	0.15	3	47624.70369934267	118147.01327723116	21475.543882444774
2022-04-04	0.15	3	38965.48131200999	97746.01127087712	17552.253497738435
2022-04-05	0.15	3	35077.726151049144	89247.01861512879	15779.458246271704
2022-04-06	0.15	3	29785.975533204404	77206.65202944558	13374.557555978949
2022-04-07	0.15	3	26344.059854206185	68404.94063217766	11811.720098792744
2022-04-08	0.15	3	22902.144175207963	59603.22923490974	10248.882641606539
2022-04-09	0.15	3	19460.22849620974	50801.51783764182	8686.045184420336
2022-04-10	0.15	3	16018.312817211523	41999.806440373904	7123.207727234131
2022-04-11	0.15	3	13362.016507653889	35271.9057066661	5907.714150604792
2022-04-12	0.15	3	8937.048724267072	23869.080068996318	3911.1301155863907
2022-04-13	0.15	3	5769.998054029845	15806.796443212139	2467.8129347620966
2022-01-06	0.2	2	42.982107337262185	321.12868698023624	8.509346541151194
2022-01-07	0.2	2	45.06692419294024	305.59934102507265	9.043393708869006
2022-01-08	0.2	2	47.25674363247089	291.884809578156	9.59421057022612
2022-01-09	0.2	2	49.65878543083551	280.2173199269715	10.185242253062443
2022-01-10	0.2	2	52.56137466442926	271.6438853732716	10.877887320871137
2022-01-11	0.2	2	55.45371262068274	263.0238392437324	11.568385990536779
2022-01-12	0.2	2	58.35610641598108	254.45719839331386	12.260960177604117
2022-01-13	0.2	2	61.275777954217716	245.96114173019018	12.957183059957725
2022-01-14	0.2	2	73.33878537377387	256.73432815103433	20.532385399066655
2022-01-15	0.2	2	85.37105113429958	267.41122122097704	28.097469989470856
2022-01-16	0.2	2	97.46480021288623	278.28070099272264	35.68279007728451
2022-01-17	0.2	2	109.52809631076708	289.05464926203035	43.2581064298577
2022-01-18	0.2	2	121.56546303577323	299.764559072606	50.822595895895454
2022-01-19	0.2	2	133.68684089675102	310.67699230279067	58.422826560635094
2022-01-20	0.2	2	146.60147749950187	323.32450648995075	66.38418619830802
2022-01-21	0.2	2	317.1516803288086	586.0025776271185	181.37590578219027
2022-01-22	0.2	2	470.61007210770424	809.7199565089376	289.049211384674
2022-01-23	0.2	2	623.9308355681065	1032.8694818590986	396.7481662034131
2022-01-24	0.2	2	772.5129081834996	1248.2329897248792	501.41438260658765
2022-01-25	0.2	2	923.9152332665064	1468.2650892994495	607.8739945044211
2022-01-26	0.2	2	1070.7306043627432	1681.0953951445447	711.2865150379796
2022-01-27	0.2	2	1226.716874163382	1908.3244260456804	820.7912650759921
2022-01-28	0.2	2	1331.3149150789502	2085.8624484625816	876.3430007062519
2022-01-29	0.2	2	1435.9129559945177	2263.400470879483	931.8947363365116
2022-01-30	0.2	2	1543.915523102231	2446.332962437151	989.6287266756929
2022-01-31	0.2	2	1644.2081338753499	2617.042570739096	1042.4270349976598
2022-02-01	0.2	2	1732.1022326481598	2767.882168880611	1087.4967772939556
2022-02-02	0.2	2	1749.9040170157457	2806.1355789557983	1089.1234363044
2022-02-03	0.2	2	1847.4544090593386	2971.8141805137748	1140.8320630695318
2022-02-04	0.2	2	1781.037200099157	2799.660430169497	1132.387514886944
2022-02-05	0.2	2	1742.992138618738	2673.1822086186216	1141.4452077657127
2022-02-06	0.2	2	1705.428938576371	2547.4622539418715	1150.8088624113366
2022-02-07	0.2	2	1672.8337333941192	2428.9567050976684	1163.6278338923237
2022-02-08	0.2	2	1630.3238671335394	2296.0550557778292	1169.5501393364875
2022-02-09	0.2	2	1592.771331412124	2170.3514566958083	1178.9207777990628
2022-02-10	0.2	2	1558.6769166834958	2049.1942530784404	1190.933652520298
2022-02-11	0.2	2	2023.6621866375763	2868.3078638402912	1452.490198840539
2022-02-12	0.2	2	2492.3450816624777	3692.3242641132206	1716.853252688859
2022-02-13	0.2	2	2982.336670540947	4548.863952423899	1995.463991631845
2022-02-14	0.2	2	3460.714857887097	5388.68996072717	2265.853294803423
2022-02-15	0.2	2	3964.3627923584068	6268.788721487534	2552.3703280561654
2022-02-16	0.2	2	4438.764640340617	7103.258475150336	2819.7794248554974
2022-02-17	0.2	2	5013.539383613351	8099.825993084835	3150.2871645745895
2022-02-18	0.2	2	5927.642353015287	9978.156202742188	3513.49175242773
2022-02-19	0.2	2	6818.096818887832	11822.33121560545	3859.705977866087
2022-02-20	0.2	2	7678.668331698227	13616.205326582149	4188.206701492678
2022-02-21	0.2	2	8539.221492536317	15410.047615908197	4516.6970361178965
2022-02-22	0.2	2	9399.774653374408	17203.88990523425	4845.187370743117
2022-02-23	0.2	2	10180.912024982723	18850.688169932055	5133.6330103418095
2022-02-24	0.2	2	11127.403643176647	20803.76924979391	5505.395195843815
2022-02-25	0.2	2	22391.600799718723	55209.86875294141	8865.91621148274
2022-02-26	0.2	2	34028.46028640036	90895.5123145055	12314.198377741383
2022-02-27	0.2	2	45183.44235486449	125395.18722218565	15571.321801645086
2022-02-28	0.2	2	56333.185745174436	159880.87673112348	18826.54813689428
2022-03-01	0.2	2	67486.58235225632	194377.09236888943	22082.96921304329
2022-03-02	0.2	2	81600.08097821038	237488.60167597965	26293.156667095067
2022-03-03	0.2	2	85737.56574873804	243168.93696279233	28368.252477283077
2022-03-04	0.2	2	87333.25560904191	241429.40709841237	29626.924882823372
2022-03-05	0.2	2	88861.05652478752	239485.76506204793	30864.483527330227
2022-03-06	0.2	2	90231.46587275501	237117.5073054353	32047.425571938908
2022-03-07	0.2	2	91677.43671248046	234952.89111286993	33256.6128339339
2022-03-08	0.2	2	93142.25245536403	232835.38203919306	34472.774883501785
2022-03-09	0.2	2	97843.49934300268	238608.16136985226	36910.10448203571
2022-03-10	0.2	2	97182.72010183877	237915.2798268806	36925.2469256789
2022-03-11	0.2	2	97229.9711677259	238974.27307668873	37214.74424660875
2022-03-12	0.2	2	93554.36622504806	230872.28556083058	36076.19576178189
2022-03-13	0.2	2	93367.44420910103	231366.4396520865	36279.14850419572
2022-03-14	0.2	2	92097.98957485716	229189.13339504474	36064.65778317734
2022-03-15	0.2	2	89276.37615894513	223132.44714728565	35237.52752474724
2022-03-16	0.2	2	92219.77384589464	231514.08653889125	36694.36981469046
2022-03-17	0.2	2	93350.49550534408	240214.1615386074	37975.43007739578
2022-03-18	0.2	2	92840.59687488055	244795.7845221067	38603.7222538022
2022-03-19	0.2	2	88421.61347839158	238819.55346057634	37571.050564717436
2022-03-20	0.2	2	93246.8255419044	257903.95986711828	40479.47330827498
2022-03-21	0.2	2	92488.32465355625	261876.0747041241	41010.916289698485
2022-03-22	0.2	2	101524.78681509358	294200.5641036101	45973.30651377406
2022-03-23	0.2	2	100993.83542355236	299440.9443565153	46694.12700798853
2022-03-24	0.2	2	97637.56446151462	283376.12826359086	45028.9452965529
2022-03-25	0.2	2	94281.29349947686	267311.3121706664	43363.763585117274
2022-03-26	0.2	2	91045.30880578792	251578.87436707882	41753.74564124583
2022-03-27	0.2	2	84556.08967012462	227090.632946204	38656.11548663147
2022-03-28	0.2	2	92272.89846438842	240089.68725858204	42040.64171468293
2022-03-29	0.2	2	80856.20965132586	203052.04779896868	36703.03673937476
2022-03-30	0.2	2	79465.11462901247	191728.69105425882	35926.31443635894
2022-03-31	0.2	2	74934.68458440072	181752.30861234915	33861.70719331446
2022-04-01	0.2	2	68655.21223087577	167555.94116126906	31006.35492654646
2022-04-02	0.2	2	62461.40243633006	153570.1872204064	28189.663314231773
2022-04-03	0.2	2	62010.968125648746	153836.35183805044	27962.783255985578
2022-04-04	0.2	2	50077.30020877865	125620.32306049498	22557.644308525858
2022-04-05	0.2	2	45300.8331314663	115257.30830884815	20378.24806092554
2022-04-06	0.2	2	38418.3728688281	99582.23266229893	17250.693655086183
2022-04-07	0.2	2	33978.941305090644	88229.66071221801	15234.923780548474
2022-04-08	0.2	2	29539.509741353184	76877.0887621371	13219.153906010763
2022-04-09	0.2	2	25100.078177615727	65524.516812056165	11203.384031473051
2022-04-10	0.2	2	20660.646613878267	54171.944861975244	9187.61415693534
2022-04-11	0.2	2	17399.644104301693	45930.088907234494	7692.860103232926
2022-04-12	0.2	2	11485.634383981342	30675.84559655079	5026.47036194692
2022-04-13	0.2	2	7458.500333385376	20432.415303695474	3189.980901952075
2022-01-06	0.2	3	28.65473822484146	214.0857913201575	5.672897694100796
2022-01-07	0.2	3	30.044616128626835	203.73289401671514	6.028929139246005
2022-01-08	0.2	3	31.504495754980596	194.58987305210402	6.396140380150747
2022-01-09	0.2	3	33.10585695389034	186.81154661798104	6.790161502041629
2022-01-10	0.2	3	35.04091644295284	181.0959235821811	7.251924880580759
2022-01-11	0.2	3	36.96914174712183	175.3492261624883	7.7122573270245205
2022-01-12	0.2	3	38.90407094398739	169.63813226220927	8.173973451736078
2022-01-13	0.2	3	40.850518636145146	163.97409448679346	8.638122039971817
2022-01-14	0.2	3	48.89252358251592	171.15621876735625	13.688256932711104
2022-01-15	0.2	3	56.914034089533054	178.27414748065138	18.73164665964724
2022-01-16	0.2	3	64.9765334752575	185.5204673284818	23.788526718189676
2022-01-17	0.2	3	73.01873087384473	192.70309950802027	28.838737619905135
2022-01-18	0.2	3	81.04364202384883	199.84303938173736	33.88173059726364
2022-01-19	0.2	3	89.12456059783403	207.11799486852712	38.9485510404234
2022-01-20	0.2	3	97.73431833300126	215.5496709933005	44.25612413220534
2022-01-21	0.2	3	211.43445355253908	390.6683850847457	120.9172705214602
2022-01-22	0.2	3	313.74004807180285	539.8133043392918	192.69947425644932
2022-01-23	0.2	3	415.95389037873775	688.5796545727326	264.49877746894214
2022-01-24	0.2	3	515.0086054556664	832.1553264832529	334.2762550710585
2022-01-25	0.2	3	615.9434888443377	978.8433928662998	405.24932966961416
2022-01-26	0.2	3	713.8204029084956	1120.7302634296966	474.19101002531977
2022-01-27	0.2	3	817.8112494422548	1272.2162840304538	547.1941767173281
2022-01-28	0.2	3	887.5432767193001	1390.5749656417213	584.2286671375014
2022-01-29	0.2	3	957.2753039963452	1508.9336472529887	621.2631575576745
2022-01-30	0.2	3	1029.2770154014875	1630.8886416247674	659.752484450462
2022-01-31	0.2	3	1096.1387559169	1744.6950471593973	694.9513566651066
2022-02-01	0.2	3	1154.7348217654398	1845.254779253741	724.9978515293038
2022-02-02	0.2	3	1166.6026780104971	1870.757052637199	726.0822908696
2022-02-03	0.2	3	1231.6362727062258	1981.2094536758502	760.5547087130213
2022-02-04	0.2	3	1187.3581333994382	1866.440286779665	754.9250099246295
2022-02-05	0.2	3	1161.9947590791587	1782.1214724124145	760.9634718438085
2022-02-06	0.2	3	1136.9526257175808	1698.3081692945811	767.2059082742245
2022-02-07	0.2	3	1115.222488929413	1619.3044700651126	775.7518892615492
2022-02-08	0.2	3	1086.8825780890263	1530.703370518553	779.7000928909918
2022-02-09	0.2	3	1061.8475542747494	1446.9009711305391	785.9471851993752
2022-02-10	0.2	3	1039.117944455664	1366.1295020522937	793.9557683468655
2022-02-11	0.2	3	1349.108124425051	1912.2052425601942	968.3267992270262
2022-02-12	0.2	3	1661.5633877749851	2461.5495094088137	1144.568835125906
2022-02-13	0.2	3	1988.2244470272983	3032.575968282599	1330.3093277545634
2022-02-14	0.2	3	2307.143238591398	3592.4599738181137	1510.568863202282
2022-02-15	0.2	3	2642.9085282389383	4179.192480991689	1701.5802187041106
2022-02-16	0.2	3	2959.176426893745	4735.505650100225	1879.8529499036651
2022-02-17	0.2	3	3342.359589075568	5399.8839953898905	2100.1914430497263
2022-02-18	0.2	3	3951.7615686768586	6652.1041351614595	2342.32783495182
2022-02-19	0.2	3	4545.397879258556	7881.554143736968	2573.1373185773914
2022-02-20	0.2	3	5119.112221132152	9077.470217721433	2792.1378009951186
2022-02-21	0.2	3	5692.8143283575455	10273.365077272132	3011.1313574119317
2022-02-22	0.2	3	6266.51643558294	11469.259936822835	3230.124913828745
2022-02-23	0.2	3	6787.274683321815	12567.12544662137	3422.42200689454
2022-02-24	0.2	3	7418.269095451099	13869.179499862608	3670.2634638958766
2022-02-25	0.2	3	14927.73386647915	36806.579168627606	5910.61080765516
2022-02-26	0.2	3	22685.640190933573	60597.00820967034	8209.465585160922
2022-02-27	0.2	3	30122.294903242997	83596.7914814571	10380.881201096725
2022-02-28	0.2	3	37555.457163449624	106587.25115408233	12551.032091262854
2022-03-01	0.2	3	44991.05490150421	129584.7282459263	14721.979475362194
2022-03-02	0.2	3	54400.05398547358	158325.73445065314	17528.771111396713
2022-03-03	0.2	3	57158.37716582537	162112.62464186156	18912.16831818872
2022-03-04	0.2	3	58222.170406027944	160952.93806560826	19751.283255215585
2022-03-05	0.2	3	59240.70434985836	159657.17670803197	20576.32235155349
2022-03-06	0.2	3	60154.31058183668	158078.33820362357	21364.95038129261
2022-03-07	0.2	3	61118.291141653644	156635.2607419133	22171.0752226226
2022-03-08	0.2	3	62094.83497024269	155223.58802612874	22981.849922334524
2022-03-09	0.2	3	65228.999562001794	159072.10757990152	24606.736321357144
2022-03-10	0.2	3	64788.48006789252	158610.18655125375	24616.831283785934
2022-03-11	0.2	3	64819.98077848394	159316.18205112583	24809.829497739174
2022-03-12	0.2	3	62369.57748336538	153914.85704055373	24050.797174521264
2022-03-13	0.2	3	62244.96280606736	154244.29310139103	24186.09900279715
2022-03-14	0.2	3	61398.65971657144	152792.75559669652	24043.10518878489
2022-03-15	0.2	3	59517.584105963426	148754.96476485714	23491.68501649816
2022-03-16	0.2	3	61479.84923059643	154342.72435926084	24462.91320979364
2022-03-17	0.2	3	62233.66367022939	160142.77435907163	25316.953384930523
2022-03-18	0.2	3	61893.73124992037	163197.18968140447	25735.814835868136
2022-03-19	0.2	3	58947.742318927725	159213.03564038425	25047.36704314496
2022-03-20	0.2	3	62164.550361269605	171935.97324474555	26986.315538849987
2022-03-21	0.2	3	61658.88310237084	174584.04980274942	27340.61085979899
2022-03-22	0.2	3	67683.1912100624	196133.7094024068	30648.871009182712
2022-03-23	0.2	3	67329.22361570159	199627.29623767687	31129.418005325686
2022-03-24	0.2	3	65091.709641009744	188917.41884239393	30019.296864368604
2022-03-25	0.2	3	62854.19566631791	178207.54144711097	28909.175723411518
2022-03-26	0.2	3	60696.87253719196	167719.24957805255	27835.83042749722
2022-03-27	0.2	3	56370.72644674976	151393.75529746932	25770.743657754316
2022-03-28	0.2	3	61515.265642925624	160059.79150572137	28027.09447645529
2022-03-29	0.2	3	53904.13976755058	135368.03186597914	24468.691159583177
2022-03-30	0.2	3	52976.74308600832	127819.12736950589	23950.876290905962
2022-03-31	0.2	3	49956.456389600484	121168.20574156613	22574.471462209644
2022-04-01	0.2	3	45770.14148725052	111703.96077417939	20670.90328436431
2022-04-02	0.2	3	41640.93495755338	102380.12481360429	18793.108876154518
2022-04-03	0.2	3	41340.64541709917	102557.56789203364	18641.855503990388
2022-04-04	0.2	3	33384.86680585244	83746.88204032999	15038.42953901724
2022-04-05	0.2	3	30200.555420977536	76838.2055392321	13585.498707283694
2022-04-06	0.2	3	25612.248579218736	66388.1551081993	11500.462436724123
2022-04-07	0.2	3	22652.627536727097	58819.77380814535	10156.615853698984
2022-04-08	0.2	3	19693.00649423546	51251.3925080914	8812.769270673842
2022-04-09	0.2	3	16733.38545174382	43683.011208037446	7468.922687648701
2022-04-10	0.2	3	13773.76440925218	36114.6299079835	6125.07610462356
2022-04-11	0.2	3	11599.76273620113	30620.059271489667	5128.573402155284
2022-04-12	0.2	3	7657.089589320895	20450.56373103386	3350.9802412979475
2022-04-13	0.2	3	4972.33355559025	13621.610202463651	2126.6539346347167
